{"cameraMode":{"drawMode":0,"name":"Shaded","section":"Shading Mode"},"sceneLighting":false,"audioPlay":false,"sceneViewState":{"m_AlwaysRefresh":false,"showFog":true,"showSkybox":false,"showFlares":true,"showImageEffects":true,"showParticleSystems":true,"showVisualEffectGraphs":true,"m_FxEnabled":true},"in2DMode":false,"pivot":{"x":5.636273384094238,"y":0.09041790664196015,"z":0.007930535823106766},"rotation":{"x":0.09981556981801987,"y":0.7110384702682495,"z":-0.10310360789299011,"w":0.6883650422096252},"size":0.27170759439468386,"orthographic":false}